year,month,yhat,yhat_lower,yhat_upper,month_name
2025,1,1331.2356021289963,-1374.7014289286606,4051.652949919853,Jan
2025,2,1255.462951025788,-1461.4891243717336,3999.7186837842078,Feb
2025,3,1553.9113376772511,-1119.4247185346348,4257.07568853504,Mar
