year,month,yhat,yhat_lower,yhat_upper,month_name,period
2025,1,1330.6945270623412,-1400.3816892805146,4056.454159436807,Jan,2025-Jan
2025,2,1254.9889823075193,-1459.0653053424987,3975.8365883930614,Feb,2025-Feb
2025,3,1553.28466507363,-1154.729274401009,4234.543729436869,Mar,2025-Mar
