{
  "total_historical_sales": 15071832.641083706,
  "avg_daily_sales": 10316.107214978581,
  "predicted_90_day_sales": 1987151.6718633184,
  "total_historical_days": 1461,
  "forecast_days": 90
}